,DA,DA - D,DA - BD,DA - BCD
best_results/ensemble_3_best_average_best.csv,0.7938583327896306,0.8058110958874317,0.810045453556904,0.8131989299928231
best_results/ensemble_average_best.csv,0.781063917705139,0.8006567930232052,0.790380809464779,0.8064200430612644
best_results/ensemble_voting_best.csv,0.7881538026576195,0.7986624910289032,0.7718818642482764,0.7910028055066224
